first_name,last_name,gender,phone_number,ralt_number1,alt_number2,email,alt_email,address1,address2,city,state,country,type,dob,age
Magesh a,kumar,male,9845626888,7871088609,353553,abc222@gmail.com,abc1234@gmail.com,dgffff,fgfdd,dfbdff,dbfff,dbfff,dddb,2017-03-02,23
Kumar v,xcc,female,9845626889,7871088610,7871088618,abc223@gmail.com,abc1234@gmail.com,344,324sfddfdf,,dff,dff,ff,2017-03-02,34
ravi,kumar,male,9845626890,7871088611,7871088619,abc224@gmail.com,abc1234@gmail.com,dgffff,fgfdd,dfbdff,dbfff,dbfff,dddb,2017-03-02,23
balu a,kumar,male,9845626891,7871088609,353553,abc225@gmail.com,abc1234@gmail.com,dgffff,fgfdd,dfbdff,dbfff,dbfff,dddb,2017-03-02,23
Kumaran v,xcc,female,9845626892,7871088610,7871088618,abc226@gmail.com,abc1234@gmail.com,344,324sfddfdf,,dff,dff,ff,2017-03-02,34
ravirock,kumar,male,9845626893,7871088611,7871088619,abc227@gmail.com,abc1234@gmail.com,dgffff,fgfdd,dfbdff,dbfff,dbfff,dddb,2017-03-02,23
Magesh a,kumar,male,9845626894,7871088609,353553,abc228@gmail.com,abc1234@gmail.com,dgffff,fgfdd,dfbdff,dbfff,dbfff,dddb,2017-03-02,23
Kumar v,xcc,female,9845626895,7871088610,7871088618,abc229@gmail.com,abc1234@gmail.com,344,324sfddfdf,,dff,dff,ff,2017-03-02,34
ravi,kumar,male,9845626896,7871088611,7871088619,abc230@gmail.com,abc1234@gmail.com,dgffff,fgfdd,dfbdff,dbfff,dbfff,dddb,2017-03-02,23
